<?xml version="1.0" encoding="UTF-8"?>
<project-private xmlns="http://www.netbeans.org/ns/project-private/1">
    <editor-bookmarks xmlns="http://www.netbeans.org/ns/editor-bookmarks/2" lastBookmarkId="0"/>
    <open-files xmlns="http://www.netbeans.org/ns/projectui-open-files/2">
        <group>
            <file>file:/Users/ricardo/Desktop/Facultad%20Locochona/Java/mUGRERO/Piaa/src/java/com/claseoop/pia/ServletHor.java</file>
            <file>file:/Users/ricardo/Desktop/Facultad%20Locochona/Java/mUGRERO/Piaa/src/java/com/claseoop/pia/WHorario.java</file>
            <file>file:/Users/ricardo/Desktop/Facultad%20Locochona/Java/mUGRERO/Piaa/src/java/com/claseoop/pia/GestUsuarios.java</file>
            <file>file:/Users/ricardo/Desktop/Facultad%20Locochona/Java/mUGRERO/Piaa/web/Profes.html</file>
            <file>file:/Users/ricardo/Desktop/Facultad%20Locochona/Java/mUGRERO/Piaa/src/java/com/claseoop/pia/GestProfes.java</file>
            <file>file:/Users/ricardo/Desktop/Facultad%20Locochona/Java/mUGRERO/Piaa/web/GenHorario.html</file>
            <file>file:/Users/ricardo/Desktop/Facultad%20Locochona/Java/mUGRERO/Piaa/src/java/com/claseoop/pia/WUsuarios.java</file>
            <file>file:/Users/ricardo/Desktop/Facultad%20Locochona/Java/mUGRERO/Piaa/src/java/com/claseoop/pia/ViewServlet.java</file>
            <file>file:/Users/ricardo/Desktop/Facultad%20Locochona/Java/mUGRERO/Piaa/src/java/com/claseoop/pia/GestHorario.java</file>
            <file>file:/Users/ricardo/Desktop/Facultad%20Locochona/Java/mUGRERO/Piaa/src/java/com/claseoop/pia/WProfes.java</file>
            <file>file:/Users/ricardo/Desktop/Facultad%20Locochona/Java/mUGRERO/Piaa/src/java/com/claseoop/pia/ServeltUs.java</file>
            <file>file:/Users/ricardo/Desktop/Facultad%20Locochona/Java/mUGRERO/Piaa/src/java/com/claseoop/pia/ViewHorario.java</file>
            <file>file:/Users/ricardo/Desktop/Facultad%20Locochona/Java/mUGRERO/Piaa/web/index.html</file>
            <file>file:/Users/ricardo/Desktop/Facultad%20Locochona/Java/mUGRERO/Piaa/src/java/com/claseoop/pia/ServletProf.java</file>
            <file>file:/Users/ricardo/Desktop/Facultad%20Locochona/Java/mUGRERO/Piaa/src/java/com/claseoop/pia/ViewProfes.java</file>
        </group>
    </open-files>
</project-private>
